person_id,full_name,email,phone,city
1,Tanvi Gupta,tanvi.gupta31@example.com,9000000254,Bengaluru
2,Manish Reddy,manish.reddy73@example.com,9000000237,Gurugram
3,Priya Singh,priya.singh61@mailtest.example.org,9000000287,Gurugram
4,Vikram Saxena,vikram.saxena60@example.com,9000000113,Gurugram
5,Amit Agarwal,amit.agarwal3@mailtest.example.org,9000000288,Pune
6,Sahil Malhotra,sahil.malhotra1@example.in,9000000143,Noida
7,Shreya Gupta,shreya.gupta85@example.com,9000000227,Noida
8,Isha Chopra,isha.chopra95@mailtest.example.org,9000000138,Pune
9,Priya Nair,priya.nair70@example.com,9000000222,Gurugram
10,Rohit Mishra,rohit.mishra70@mailtest.example.org,9000000167,New Delhi
11,Rahul Malhotra,rahul.malhotra69@mailtest.example.org,9000000260,New Delhi
12,Rahul Jain,rahul.jain34@example.in,9000000114,Noida
13,Nikhil Malhotra,nikhil.malhotra41@example.in,9000000145,New Delhi
14,Karan Bhatia,karan.bhatia32@mailtest.example.org,9000000211,Noida
15,Ritu Sharma,ritu.sharma23@mailtest.example.org,9000000146,Noida
16,Arjun Mishra,arjun.mishra70@example.com,9000000106,New Delhi
17,Meera Bhatia,meera.bhatia52@mailtest.example.org,9000000223,Delhi NCR (ambiguous region)
18,Varun Jain,varun.jain29@example.com,9000000263,Pune
19,Arjun Mehta,arjun.mehta9@example.in,9000000131,Noida
20,Kavya Mehta,kavya.mehta7@example.com,9000000177,Bengaluru
21,Sneha Chopra,sneha.chopra99@example.in,9000000162,Pune
22,Deepak Mehta,deepak.mehta86@example.in,9000000116,Noida
23,Pooja Gupta,pooja.gupta57@mailtest.example.org,9000000271,Noida
24,Rohit Verma,rohit.verma13@mailtest.example.org,9000000294,Bengaluru
25,Sneha Mishra,sneha.mishra14@mailtest.example.org,9000000229,Pune
26,Nikhil Chopra,alt.nikhil.chopra70@example.com,9000000103,Noida
27,Priya Saxena,priya.saxena61@example.com,9000000231,New Delhi
28,Varun Saxena,varun.saxena21@example.in,9000000170,Gurugram
29,Gaurav Mehta,gaurav.mehta79@mailtest.example.org,9000000133,Bengaluru
30,Rohit Nair,rohit.nair32@mailtest.example.org,9000000268,Gurugram
31,Deepak Nair,deepak.nair44@example.com,9000000296,Bengaluru
32,Rahul Chopra,rahul.chopra70@example.com,9000000137,Noida
33,Deepak Singh,deepak.singh36@mailtest.example.org,9000000202,Bengaluru
34,Amit Reddy,amit.reddy9@mailtest.example.org,9000000165,Delhi NCR (ambiguous region)
35,Tanvi Agarwal,tanvi.agarwal97@example.in,9000000148,Pune
36,Nikhil Mehta,nikhil.mehta5@example.com,9000000104,Pune
37,Isha Kapoor,isha.kapoor54@example.com,9000000295,New Delhi
38,Arjun Bhatia,arjun.bhatia14@example.com,9000000212,New Delhi
39,Isha Sharma,isha.sharma15@example.com,9000000259,New Delhi
40,Neha Bhatia,neha.bhatia60@mailtest.example.org,9000000273,Pune
41,Manish Bhatia,manish.bhatia3@example.com,9000000161,Noida
42,Divya Chopra,divya.chopra59@example.in,9000000111,Noida
43,Karan Chopra,karan.chopra76@mailtest.example.org,9000000245,Pune
44,Vikram Mehta,vikram.mehta6@example.com,9000000261,Pune
45,Pooja Kapoor,pooja.kapoor62@example.in,,Noida
46,Kavya Verma,kavya.verma74@mailtest.example.org,,Gurugram
47,Tanvi Reddy,tanvi.reddy80@example.com,,Pune
48,Varun Singh,varun.singh81@example.com,,Noida
49,Tanvi Kapoor,tanvi.kapoor38@example.com,,New Delhi
50,Nikhil Nair,nikhil.nair26@example.in,,Gurugram
51,Pooja Reddy,pooja.reddy96@mailtest.example.org,,Noida
52,Tanvi Sharma,tanvi.sharma56@mailtest.example.org,,Noida
53,Deepak Nair,deepak.nair57@example.in,,New Delhi
54,Anjali Agarwal,anjali.agarwal53@mailtest.example.org,,Bengaluru
